ATTR_DATA_ID,OBJ_ID,VER_NBR,PERM_ID,KIM_TYP_ID,KIM_ATTR_DEFN_ID,ATTR_VAL
KFS1,KFS1,1,1,51,13,CTRL
KFS15,KFS15,1,10,11,5,Customer
KFS16,KFS16,1,10,11,6,customerTaxNbr
KFS123,KFS123,1,100,8,13,REQS
KFS245,KFS245,1,100,8,16,PreRoute
KFS124,KFS124,1,101,8,13,PO
KFS246,KFS246,1,101,8,16,PreRoute
KFS125,KFS125,1,102,8,13,AP
KFS247,KFS247,1,102,8,16,PreRoute
KFS126,KFS126,1,103,8,13,RCV
KFS248,KFS248,1,103,8,16,PreRoute
KFS132,KFS132,1,108,51,13,KFST
KFS17,KFS17,1,11,15,1,customerLoadInputFileType
KFS10000,KFS10000,1,1100,3,13,KFST
KFS141,KFS141,1,113,3,13,KFS
KFS142,KFS142,1,114,3,13,KFS
KFS143,KFS143,1,115,3,13,KFS
KFS144,KFS144,1,116,3,13,FSSM
KFS145,KFS145,1,117,3,13,BANK
KFS149,KFS149,1,119,18,4,KFS*
KFS18,KFS18,1,12,12,4,KFS-AR
KFS150,KFS150,1,120,19,4,KFS*
KFS151,KFS151,1,121,20,4,KFS*
KFS152,KFS152,1,122,21,4,KFS*
KFS162,KFS162,1,128,11,5,Bank
KFS163,KFS163,1,128,11,6,bankAccountNumber
KFS164,KFS164,1,129,10,4,KFS*
KFS165,KFS165,1,130,10,4,KFS*
KFS166,KFS166,1,131,16,4,KFS*
KFS167,KFS167,1,132,15,4,KFS*
KFS168,KFS168,1,133,3,13,KFS
KFS169,KFS169,1,134,11,5,Bank
KFS170,KFS170,1,134,11,6,bankAccountNumber
KFS171,KFS171,1,135,12,4,KFS*
KFS172,KFS172,1,136,3,13,PVEN
KFS174,KFS174,1,137,11,5,VendorDetail
KFS175,KFS175,1,137,11,6,vendorHeader.vendorTaxNumber
KFS176,KFS176,1,138,11,5,VendorDetail
KFS177,KFS177,1,138,11,6,vendorHeader.vendorTaxNumber
KFS178,KFS178,1,139,57,5,VendorDetail
KFS179,KFS179,1,139,57,44,vendorContracts
KFS21,KFS21,1,15,12,4,KFS-CAB
KFS22,KFS22,1,16,3,13,MPAY
KFS222,KFS222,1,169,8,13,KFS
KFS23,KFS23,1,17,3,13,BCIE
KFS24,KFS24,1,18,3,13,CAM
KFS250,KFS250,1,184,57,5,VendorDetail
KFS251,KFS251,1,184,57,44,vendorCommodities
KFS252,KFS252,1,185,8,13,CMD
KFS253,KFS253,1,185,8,16,PreRoute
KFS257,KFS257,1,187,11,5,DisbursementPayee
KFS258,KFS258,1,187,11,6,taxNumber
KFS259,KFS259,1,188,52,13,INV
KFS260,KFS260,1,188,52,16,Account
KFS261,KFS261,1,188,52,6,sourceAccountingLines
KFS265,KFS265,1,189,52,13,SB
KFS266,KFS266,1,189,52,16,PreRoute
KFS267,KFS267,1,189,52,6,sourceAccountingLines
KFS25,KFS25,1,19,3,13,CAMM
KFS268,KFS268,1,190,52,13,FP
KFS269,KFS269,1,190,52,16,Account
KFS270,KFS270,1,190,52,6,sourceAccountingLines
KFS271,KFS271,1,191,52,13,FP
KFS272,KFS272,1,191,52,16,Account
KFS273,KFS273,1,191,52,6,targetAccountingLines
KFS274,KFS274,1,192,52,13,DV
KFS275,KFS275,1,192,52,16,Campus
KFS276,KFS276,1,192,52,6,sourceAccountingLines.financialObjectCode
KFS277,KFS277,1,193,52,13,DV
KFS278,KFS278,1,193,52,16,Tax
KFS279,KFS279,1,193,52,6,sourceAccountingLines.amount
KFS280,KFS280,1,194,52,13,DV
KFS281,KFS281,1,194,52,16,Travel
KFS282,KFS282,1,194,52,6,sourceAccountingLines.amount
KFS283,KFS283,1,195,52,13,DV
KFS284,KFS284,1,195,52,16,PaymentMethod
KFS285,KFS285,1,195,52,6,sourceAccountingLines.amount
KFS286,KFS286,1,196,52,13,LD
KFS287,KFS287,1,196,52,16,Account
KFS288,KFS288,1,196,52,6,targetAccountingLines
KFS289,KFS289,1,197,52,13,ST
KFS290,KFS290,1,197,52,6,targetAccountingLines.financialObjectCode
KFS292,KFS292,1,198,52,13,PUR
KFS293,KFS293,1,198,52,16,Account
KFS294,KFS294,1,198,52,6,items.sourceAccountingLines
KFS295,KFS295,1,199,52,13,AP
KFS296,KFS296,1,199,52,16,Account
KFS297,KFS297,1,199,52,6,items.sourceAccountingLines
KFS262,KFS262,1,200,52,13,MPAY
KFS263,KFS263,1,200,52,16,Account
KFS264,KFS264,1,200,52,6,sourceAccountingLines
KFS298,KFS298,1,201,3,13,PRPL
KFS299,KFS299,1,202,3,13,ST
KFS302,KFS302,1,205,3,13,ST
KFS303,KFS303,1,206,14,10,detailTabEntry
KFS524,KFS524,1,206,14,13,ECD
KFS304,KFS304,1,207,14,10,summaryTabEntry
KFS525,KFS525,1,207,14,13,ECD
KFS306,KFS306,1,209,14,10,taxEntry
KFS527,KFS527,1,209,14,13,DV
KFS307,KFS307,1,210,14,10,frnEntry
KFS528,KFS528,1,210,14,13,DV
KFS308,KFS308,1,211,14,10,wireEntry
KFS529,KFS529,1,211,14,13,DV
KFS309,KFS309,1,212,14,10,travelEntry
KFS530,KFS530,1,212,14,13,DV
KFS314,KFS314,1,217,14,10,editPreExtract
KFS535,KFS535,1,217,14,13,AP
KFS317,KFS317,1,220,3,13,KFST
KFS322,KFS322,1,225,3,13,BC
KFS327,KFS327,1,233,11,5,PayeeACHAccount
KFS328,KFS328,1,233,11,6,bankAccountNumber
KFS329,KFS329,1,234,11,5,ACHBank
KFS330,KFS330,1,234,11,6,bankRoutingNumber
KFS331,KFS331,1,235,11,5,PayeeACHAccount
KFS332,KFS332,1,235,11,6,bankAccountNumber
KFS333,KFS333,1,236,11,5,PayeeACHAccount
KFS334,KFS334,1,236,11,6,bankRoutingNumber
KFS337,KFS337,1,238,52,13,FP
KFS338,KFS338,1,238,52,16,PreRoute
KFS339,KFS339,1,238,52,6,sourceAccountingLines
KFS340,KFS340,1,239,52,13,FP
KFS341,KFS341,1,239,52,16,PreRoute
KFS342,KFS342,1,239,52,6,targetAccountingLines
KFS343,KFS343,1,240,52,13,LD
KFS344,KFS344,1,240,52,16,PreRoute
KFS345,KFS345,1,240,52,6,targetAccountingLines
KFS346,KFS346,1,241,52,13,PUR
KFS347,KFS347,1,241,52,16,PreRoute
KFS348,KFS348,1,241,52,6,items.sourceAccountingLines
KFS349,KFS349,1,242,52,13,AP
KFS350,KFS350,1,242,52,16,PreRoute
KFS351,KFS351,1,242,52,6,items.sourceAccountingLines
KFS352,KFS352,1,243,52,13,INV
KFS353,KFS353,1,243,52,16,PreRoute
KFS354,KFS354,1,243,52,6,sourceAccountingLines
KFS355,KFS355,1,244,52,13,CAM
KFS356,KFS356,1,244,52,16,PreRoute
KFS357,KFS357,1,244,52,6,sourceAccountingLines
KFS358,KFS358,1,245,3,13,CUS
KFS359,KFS359,1,246,3,13,INV
KFS360,KFS360,1,247,3,13,BC
KFS361,KFS361,1,248,56,13,OOPT
KFS362,KFS362,1,248,56,7,FALSE
KFS363,KFS363,1,249,56,13,OOPT
KFS364,KFS364,1,249,56,7,TRUE
KFS365,KFS365,1,250,56,13,CASM
KFS366,KFS366,1,250,56,7,FALSE
KFS367,KFS367,1,251,12,4,KFS-BC
KFS372,KFS372,1,256,10,5,BatchJobStatus
KFS373,KFS373,1,257,12,2,org.kuali.kfs.module.purap.web.struts.B2BAction
KFS374,KFS374,1,258,9,13,PREQ
KFS375,KFS375,1,258,9,9,Invoice Image
KFS377,KFS377,1,260,9,13,PREQ
KFS378,KFS378,1,260,9,9,Invoice Image
KFS382,KFS382,1,263,59,13,KFS
KFS383,KFS383,1,263,59,8,FALSE
KFS387,KFS387,1,266,8,13,BC
KFS388,KFS388,1,266,8,15,F
KFS391,KFS391,1,268,8,13,PREQ
KFS392,KFS392,1,268,8,15,R
KFS393,KFS393,1,269,3,13,PRAP
KFS394,KFS394,1,270,12,2,org.kuali.kfs.module.purap.document.web.struts.PrintAction
KFS395,KFS395,1,271,12,2,org.kuali.kfs.sys.web.struts.ElectronicFundTransferAction
KFS396,KFS396,1,272,14,10,printPurchaseOrder
KFS538,KFS538,1,272,14,13,PO
KFS397,KFS397,1,273,14,10,previewPrintPurchaseOrder
KFS539,KFS539,1,273,14,13,PO
KFS398,KFS398,1,274,14,10,assignSensitiveData
KFS540,KFS540,1,274,14,13,PO
KFS399,KFS399,1,275,14,10,resendPurchaseOrder
KFS541,KFS541,1,275,14,13,PO
KFS400,KFS400,1,276,14,10,requestPaymentRequestCancel
KFS542,KFS542,1,276,14,13,PREQ
KFS401,KFS401,1,277,14,10,paymentRequestHoldCancelRemoval
KFS543,KFS543,1,277,14,13,PREQ
KFS403,KFS403,1,279,52,13,LD
KFS404,KFS404,1,279,52,16,PreRoute
KFS405,KFS405,1,279,52,6,sourceAccountingLines
KFS406,KFS406,1,280,52,13,PCDO
KFS407,KFS407,1,280,52,16,AccountFullEdit
KFS408,KFS408,1,280,52,6,sourceAccountingLines
KFS409,KFS409,1,281,52,13,PCDO
KFS410,KFS410,1,281,52,16,AccountFullEdit
KFS411,KFS411,1,281,52,6,targetAccountingLines
KFS412,KFS412,1,282,14,10,managerCancel
KFS545,KFS545,1,282,14,13,AP
KFS413,KFS413,1,283,14,10,processorCancel
KFS546,KFS546,1,283,14,13,AP
KFS414,KFS414,1,284,3,13,ACM
KFS415,KFS415,1,285,12,4,KFS-PDP
KFS416,KFS416,1,286,14,10,requestPaymentRequestHold
KFS547,KFS547,1,286,14,13,PREQ
KFS417,KFS417,1,287,12,2,org.kuali.kfs.gl.web.struts.BalanceInquiryAction
KFS420,KFS420,1,291,3,13,EIRT
KFS421,KFS421,1,292,15,1,electronicInvoiceInputFileType
KFS422,KFS422,1,293,14,10,requestVendorCreditMemoHold
KFS548,KFS548,1,293,14,13,CM
KFS423,KFS423,1,294,14,10,vendorCreditMemoHoldRemoval
KFS549,KFS549,1,294,14,13,CM
KFS4,KFS4,1,3,3,13,ARM
KFS425,KFS425,1,301,12,2,org.kuali.kfs.sys.web.struts.KualiBalanceInquiryReportMenuAction
KFS426,KFS426,1,302,3,13,DEPR
KFS427,KFS427,1,303,10,4,KFS-CAB
KFS428,KFS428,1,304,10,4,KFS-CAB
KFS429,KFS429,1,305,56,13,IICO
KFS430,KFS430,1,305,56,7,FALSE
KFS436,KFS436,1,308,52,13,REQS
KFS437,KFS437,1,308,52,6,items.sourceAccountingLines
KFS438,KFS438,1,308,52,16,Initiator
KFS447,KFS447,1,313,9,13,PO
KFS448,KFS448,1,313,9,9,Contracts
KFS449,KFS449,1,314,9,13,PO
KFS450,KFS450,1,314,9,9,Contracts
KFS451,KFS451,1,315,9,13,PO
KFS452,KFS452,1,315,9,9,Contract Ammendments
KFS453,KFS453,1,316,9,13,PO
KFS454,KFS454,1,316,9,9,Contract Ammendments
KFS455,KFS455,1,317,9,13,PO
KFS456,KFS456,1,317,9,9,Quotes
KFS457,KFS457,1,318,9,13,PO
KFS458,KFS458,1,318,9,9,Quotes
KFS459,KFS459,1,319,9,13,PO
KFS460,KFS460,1,319,9,9,RFPs
KFS31,KFS31,1,32,11,5,Asset
KFS32,KFS32,1,32,11,6,organizationOwnerChartOfAccountsCode
KFS461,KFS461,1,320,9,13,PO
KFS462,KFS462,1,320,9,9,RFPs
KFS463,KFS463,1,321,9,13,PO
KFS464,KFS464,1,321,9,9,RFP Responses
KFS465,KFS465,1,322,9,13,PO
KFS466,KFS466,1,322,9,9,RFP Responses
KFS467,KFS467,1,323,9,13,PO
KFS468,KFS468,1,323,9,9,Other - Restricted
KFS469,KFS469,1,324,9,13,PO
KFS470,KFS470,1,324,9,9,Other - Restricted
KFS471,KFS471,1,325,9,13,CM
KFS472,KFS472,1,325,9,9,Credit Memo Image
KFS473,KFS473,1,326,9,13,CM
KFS474,KFS474,1,326,9,9,Credit Memo Image
KFS433,KFS433,1,328,52,13,REQS
KFS434,KFS434,1,328,52,6,items.sourceAccountingLines
KFS435,KFS435,1,328,52,16,Organization
KFS475,KFS475,1,329,12,2,org.kuali.kfs.fp.document.web.struts.CashManagementStatusAction
KFS33,KFS33,1,33,11,5,Asset
KFS34,KFS34,1,33,11,6,organizationOwnerAccountNumber
KFS476,KFS476,1,330,12,2,org.kuali.kfs.fp.document.web.struts.DepositWizardAction
KFS477,KFS477,1,331,12,2,org.kuali.kfs.fp.web.struts.CashDrawerCorrectionAction
KFS484,KFS484,1,335,11,5,VendorDetail
KFS485,KFS485,1,335,11,6,vendorHeader.vendorTaxTypeCode
KFS35,KFS35,1,34,11,5,Asset
KFS36,KFS36,1,34,11,6,capitalAssetInServiceDate
KFS498,KFS498,1,342,11,5,Asset
KFS499,KFS499,1,342,11,6,capitalAssetTypeCode
KFS500,KFS500,1,343,11,5,Asset
KFS501,KFS501,1,343,11,6,capitalAssetDescription
KFS502,KFS502,1,344,11,5,Asset
KFS503,KFS503,1,344,11,6,campusTagNumber
KFS505,KFS505,1,346,13,3,calculateEqualSourceAmountsButton
KFS506,KFS506,1,347,13,3,calculateSeparateSourceRemainingAmountButton
KFS507,KFS507,1,348,11,5,Asset
KFS508,KFS508,1,348,11,6,oldTagNumber
KFS509,KFS509,1,349,3,13,IICO
KFS37,KFS37,1,35,11,5,Asset
KFS38,KFS38,1,35,11,6,agencyNumber
KFS510,KFS510,1,350,3,13,CR
KFS511,KFS511,1,354,12,2,org.kuali.kfs.fp.document.web.struts.DisbursementVoucherHelpAction
KFS512,KFS512,1,355,52,13,POA
KFS513,KFS513,1,355,52,16,NewUnorderedItems
KFS514,KFS514,1,355,52,6,items.sourceAccountingLines
KFS515,KFS515,1,356,3,13,CM
KFS516,KFS516,1,357,3,13,APP
KFS517,KFS517,1,358,52,13,DV
KFS518,KFS518,1,358,52,16,Travel
KFS519,KFS519,1,358,52,6,sourceAccountingLines.financialObjectCode
KFS39,KFS39,1,36,11,5,Asset
KFS40,KFS40,1,36,11,6,vendorName
KFS521,KFS521,1,360,3,13,INVR
KFS522,KFS522,1,361,3,13,CDS
KFS523,KFS523,1,362,KFSCNTRB199-TYP1,4,KFS*
KFS550,KFS550,1,363,10,4,KFS-PDP
KFS551,KFS551,1,363,10,5,PurchasingPaymentDetail
KFS552,KFS552,1,364,11,5,VendorDetail
KFS553,KFS553,1,364,11,6,vendorHeader.vendorTaxTypeCode
KFS554,KFS554,1,365,8,13,PREQ
KFS555,KFS555,1,365,8,15,P
KFS556,KFS556,1,366,8,13,PREQ
KFS557,KFS557,1,366,8,15,F
KFS558,KFS558,1,367,8,13,CM
KFS559,KFS559,1,367,8,15,P
KFS560,KFS560,1,368,8,13,CM
KFS561,KFS561,1,368,8,15,F
KFS562,KFS562,1,369,56,13,OADF
KFS563,KFS563,1,369,56,7,FALSE
KFS41,KFS41,1,37,11,5,Asset
KFS42,KFS42,1,37,11,6,oldTagNumber
KFS566,KFS566,1,371,52,13,INV
KFS567,KFS567,1,371,52,16,Recurrence
KFS568,KFS568,1,371,52,6,sourceAccountingLines.invoiceItemDescription
KFS569,KFS569,1,372,3,13,CMD
KFS570,KFS570,1,373,3,13,PREQ
KFS571,KFS571,1,374,3,13,DV
KFS572,KFS572,1,375,10,5,Pretag
KFS573,KFS573,1,376,56,13,PTAG
KFS574,KFS574,1,379,3,13,IdentityManagementGroupDocument
KFS43,KFS43,1,38,11,5,Asset
KFS44,KFS44,1,38,11,6,governmentTagNumber
KFS575,KFS575,1,380,3,13,GORV
KFS576,KFS576,1,381,11,5,PaymentSourceWireTransfer
KFS577,KFS577,1,381,11,6,payeeAccountNumber
KFS578,KFS578,1,382,8,13,FSSM
KFS580,KFS580,1,382,8,16,AdHoc
KFS582,KFS582,1,382,8,15,R
KFS579,KFS579,1,383,8,13,KFSM
KFS581,KFS581,1,383,8,16,AdHoc
KFS583,KFS583,1,383,8,15,R
KFS586,KFS586,1,385,15,1,collectorFlatFileInputFileType
KFS587,KFS587,1,386,11,5,PaymentDetail
KFS588,KFS588,1,386,11,6,paymentGroup.achBankRoutingNbr
KFS589,KFS589,1,387,11,5,PaymentDetail
KFS590,KFS590,1,387,11,6,paymentGroup.achAccountNumber.achBankAccountNbr
KFS45,KFS45,1,39,11,5,Asset
KFS46,KFS46,1,39,11,6,nationalStockNumber
KFS591,KFS591,1,390,5,13,KFS
KFS592,KFS592,1,390,5,14,A
KFS593,KFS593,1,391,5,13,KFS
KFS594,KFS594,1,391,5,14,F
KFS595,KFS595,1,392,5,13,KFS
KFS596,KFS596,1,392,5,14,K
KFS47,KFS47,1,40,11,5,Asset
KFS48,KFS48,1,40,11,6,financialObjectSubTypeCode
KFS52,KFS52,1,42,15,1,assetBarcodeInventoryInputFileType
KFS53,KFS53,1,43,11,5,Asset
KFS54,KFS54,1,43,11,6,replacementAmount
KFS55,KFS55,1,44,11,5,Asset
KFS56,KFS56,1,44,11,6,estimatedSellingPrice
KFS59,KFS59,1,46,11,5,Asset
KFS60,KFS60,1,46,11,6,conditionCode
KFS61,KFS61,1,47,11,5,Asset
KFS62,KFS62,1,47,11,6,landCountyName
KFS63,KFS63,1,48,11,5,Asset
KFS64,KFS64,1,48,11,6,landAcreageSize
KFS65,KFS65,1,49,11,5,Asset
KFS66,KFS66,1,49,11,6,landParcelNumber
KFS8,KFS8,1,5,3,13,APP
KFS68,KFS68,1,51,3,13,CLOS
KFS69,KFS69,1,52,3,13,PRPL
KFS72,KFS72,1,54,57,5,Proposal
KFS73,KFS73,1,54,57,44,proposalResearchRisks
KFS74,KFS74,1,55,3,13,GOBJ
KFS75,KFS75,1,56,3,13,ORGR
KFS9,KFS9,1,6,3,13,CTRL
KFS79,KFS79,1,60,11,5,SubAccount
KFS80,KFS80,1,60,11,6,a21SubAccount
KFS81,KFS81,1,61,11,5,Organization
KFS82,KFS82,1,61,11,6,organizationPlantChartCode
KFS83,KFS83,1,62,11,5,Organization
KFS84,KFS84,1,62,11,6,organizationPlantAccountNumber
KFS85,KFS85,1,63,11,5,Organization
KFS86,KFS86,1,63,11,6,campusPlantChartCode
KFS87,KFS87,1,64,11,5,Organization
KFS88,KFS88,1,64,11,6,campusPlantAccountNumber
KFS89,KFS89,1,65,3,13,ECD
KFS90,KFS90,1,66,51,13,DI
KFS91,KFS91,1,67,51,13,YEDI
KFS93,KFS93,1,69,3,13,CMD
KFS94,KFS94,1,70,3,13,SB
KFS95,KFS95,1,71,3,13,JV
KFS96,KFS96,1,72,3,13,PCDO
KFS97,KFS97,1,73,11,5,ProcurementCardHolder
KFS98,KFS98,1,73,11,6,transactionCreditCardNumber
KFS100,KFS100,1,74,15,1,procurementCardInputFileType
KFS101,KFS101,1,75,3,13,GLCP
KFS103,KFS103,1,76,15,1,collectorXmlInputFileType
KFS105,KFS105,1,77,15,1,enterpriseFeederFileSetType
KFS106,KFS106,1,78,3,13,LLJV
KFS107,KFS107,1,79,3,13,LLCP
KFS12,KFS12,1,8,3,13,AR
KFS108,KFS108,1,81,3,13,PDSM
KFS110,KFS110,1,88,10,4,KFS-PDP
KFS111,KFS111,1,89,10,4,KFS-PDP
KFS13,KFS13,1,9,11,5,Customer
KFS14,KFS14,1,9,11,6,customerTaxNbr
KFS113,KFS113,1,90,15,1,paymentInputFileType
KFS114,KFS114,1,91,3,13,PREQ
KFS115,KFS115,1,92,3,13,REQS
KFS116,KFS116,1,93,3,13,PUR
KFS117,KFS117,1,94,3,13,PO
KFS118,KFS118,1,95,3,13,POC
KFS119,KFS119,1,96,3,13,PORT
KFS120,KFS120,1,97,3,13,PREQ
KFS121,KFS121,1,98,3,13,RCV
KFS122,KFS122,1,99,3,13,EIRT
KFS10001,KFS10001,1,1101,3,13,KFS
KFS10003,KFS10003,1,1103,3,13,KFS
KFSLD1,KFSLD1,1,1105,15,1,laborEnterpriseFeederFileSetType
KFSCOA1,KFSCOA1,1,1106,3,13,ACCT
KFSSEC6001-1,KFSSEC6001-1,1,KFSSEC6001,3,13,AccessSecuritySimpleMaintenanceDocument
KFSSEC6002-1,KFSSEC6002-1,1,KFSSEC6002,10,4,KFS-SEC
KFSSEC6003-1,KFSSEC6003-1,1,KFSSEC6003,10,4,KFS-SEC
KFSSEC6004-1,KFSSEC6004-1,1,KFSSEC6004,8,13,AccessSecuritySimpleMaintenanceDocument
KFSSEC6004-2,KFSSEC6004-2,1,KFSSEC6004,8,16,PreRoute
KFSAR6012-1,KFSAR6012-1,1,KFSAR6012,15,1,customerLoadCSVInputFileType
KFSPURAP6940-01,KFSPURAP6940-01,1,KFSPURAP6940,11,5,PurchaseOrderDocument
KFSPURAP6940-02,KFSPURAP6940-02,1,KFSPURAP6940,11,6,purapDocumentIdentifier
KFSLD6987,KFSDL6978i,1,KFSLD6987,15,1,laborEnterpriseFeederFileSetType
KFSSYS6007-1,KFSSYS6007-1,1,KFSSYS6007,14,13,DV
KFSSYS6007-2,KFSSYS6007-2,1,KFSSYS6007,14,10,immediateDisbursementEntryMode
KFSAR6732-1,KFSAR6732-1,1,KFSAR6732,8,13,APP
KFSAR6732-2,KFSAR6732-2,1,KFSAR6732,8,16,PreRoute
KFSAR5340P-1,KFSAR5340P-1,1,KFSAR5340P,14,13,INV
KFSAR5340P-2,KFSAR5340P-2,1,KFSAR5340P,14,10,processingOrganizationMode
KFSMI6886-AT1,KFSMI6886-AT1,1,KFSMI6886-PRM1,56,13,PAAT
KFSMI6886-AT2,KFSMI6886-AT2,1,KFSMI6886-PRM1,56,7,FALSE
KFSMI6886-AT3,KFSMI6886-AT3,1,KFSMI6886-PRM2,10,5,PayeeACHAccount
KFSMI6886-AT4,KFSMI6886-AT4,1,KFSMI6886-PRM2,10,4,KFS-PDP
KFSMI6886-AT5,KFSMI6886-AT5,1,KFSMI6886-PRM3,3,13,PAAT
KFSMI7041-AT1,KFSMI7041-AT1,1,KFSMI7041-PRM,12,2,org.kuali.kfs.module.ld.document.web.struts.FringeBenefitInquiryAction
KFSCNTRB162-AT1,KFSCNTRB162-AT1,1,KFSCNTRB162-PRM,15,1,vendorExcludeInputFileType
KFSCNTRB199-PATD,KFSCNTRB199-PATD,1,KFSCNTRB199-P1,15,1,semaphoreInputFileTypeError
KFSCNTRB199-PAD2,KFSCNTRB199-PAD2,1,KFSCNTRB199-P2,KFSCNTRB199-TYP1,4,KFS-SYS
KFSCNTRB199-PAD3,KFSCNTRB199-PAD3,1,KFSCNTRB199-P2,KFSCNTRB199-TYP1,KFSCNTRB199-ATTRDEF1,staging/sys/batchContainer/*
KFSMI8342-PRMATT1,KFSMI8342-PRMATT1,1,KFSMI8342-PRM,57,44,indirectCostRecoveryAccounts
KFSMI8342-PRMATT2,KFSMI8342-PRMATT2,1,KFSMI8342-PRM,57,5,SubAccount
KFSMI8906-PRMATT1,KFSMI8906-PRMATT1,1,KFSMI8906-PRM,52,6,items.sourceAccountingLines
KFSMI8906-PRMATT2,KFSMI8906-PRMATT2,1,KFSMI8906-PRM,52,16,ContractManagement
KFSMI8906-PRMATT3,KFSMI8906-PRMATT3,1,KFSMI8906-PRM,52,13,PO
KFSMI8944-PRMATT1,KFSMI8944-PRMATT1,1,KFSMI8944-PRM,52,6,items.sourceAccountingLines
KFSMI8944-PRMATT2,KFSMI8944-PRMATT2,1,KFSMI8944-PRM,52,16,Tax
KFSMI8944-PRMATT3,KFSMI8944-PRMATT3,1,KFSMI8944-PRM,52,13,PUR
KFSMI8893-PRM1ATT1,KFSMI8893-PRM1ATT1,1,KFSMI8893-PRM1,8,13,FP
KFSMI9071-PRM1ATT1,KFSMI9071-PRM1ATT1,1,KFSMI9071-PRM1,5,13,KFS
KFSMI9071-PRM1ATT2,KFSMI9071-PRM1ATT2,1,KFSMI9071-PRM1,5,14,C
KFSMI9598-PRM1ATT,KFSMI9598-PRM1ATT,1,KFSMI9598-PRM1,KR1000,13,KFS
KFSMI9598-PRM2ATT,KFSMI9598-PRM2ATT,1,KFSMI9598-PRM2,KR1000,13,KFS
KFSMI9598-PRM3ATT,KFSMI9598-PRM3ATT,1,KFSMI9598-PRM3,KR1000,13,KFS
PREQ_SU_DISAPPROVE_DOCTYPE,PREQ_SU_DISAPPROVE_DOCTYPE,1,PREQ_SU_DISAPPROVE,KR1000,13,PREQ
KFSCNTRB1343-PRMATTR1,KFSCNTRB1343-PRMATTR1,1,KFSCNTRB1343-PRM1,15,1,lockboxInputFileType
KFSCNTRB-1558-PRMATTR1,KFSCNTRB-1558-PRMATTR1,1,KFSCNTRB-1558-PRM1,5,13,KFS
KFSCNTRB-1558-PRMATTR2,KFSCNTRB-1558-PRMATTR2,1,KFSCNTRB-1558-PRM1,5,14,C
KFSCNTRB705-PRMATT1,KFSCNTRB705-PRMATT1,1,KFSCNTRB705-PRM1,15,1,researchParticipantInboundServiceInputType
KFSCNTRB705-PRMATT2,KFSCNTRB705-PRMATT2,1,KFSCNTRB705-PRM2,11,5,PaymentDetail
KFSCNTRB705-PRMATT3,KFSCNTRB705-PRMATT3,1,KFSCNTRB705-PRM2,11,6,paymentGroup.payeeName
KFSCNTRB705-PRMATT4,KFSCNTRB705-PRMATT4,1,KFSCNTRB705-PRM3,11,5,PaymentDetail
KFSCNTRB705-PRMATT5,KFSCNTRB705-PRMATT5,1,KFSCNTRB705-PRM3,11,6,paymentGroup.street
KFSCNTRB705-PRMATT6,KFSCNTRB705-PRMATT6,1,KFSCNTRB705-PRM4,11,5,PaymentDetail
KFSCNTRB705-PRMATT7,KFSCNTRB705-PRM7ATT,1,KFSCNTRB705-PRM4,11,6,paymentGroup.city
KFSCNTRB705-PRMATT8,KFSCNTRB705-PRMATT8,1,KFSCNTRB705-PRM5,11,5,PaymentDetail
KFSCNTRB705-PRMATT9,KFSCNTRB705-PRMATT9,1,KFSCNTRB705-PRM5,11,6,paymentGroup.state
KFSCNTRB705-PRMATT10,KFSCNTRB705-PRMATT10,1,KFSCNTRB705-PRM6,11,5,PaymentDetail
KFSCNTRB705-PRMATT11,KFSCNTRB705-PRMATT11,1,KFSCNTRB705-PRM6,11,6,paymentGroup.zipCd
KFSCNTRB705-PRM7ATT1,KFSCNTRB705-PRM7ATT1,1,KFSCNTRB705-PRM7,KFSCNTRB199-TYP1,4,KFS-PDP
KFSCNTRB705-PRM7ATT2,KFSCNTRB705-PRM7ATT2,1,KFSCNTRB705-PRM7,KFSCNTRB199-TYP1,KFSCNTRB199-ATTRDEF1,staging/PDP/paymentExtract/RP-Upload*
KFSCNTRB-762-PRM1-ATTR1,KFSCNTRB-762-PRM1-ATTR1,1,KFSCNTRB-762-PRM1,12,2,org.kuali.kfs.gl.web.struts.TrialBalanceReportAction
KFS10010,KFS-TEM-ATTR-DATA-000,1,KFS10282,52,13,TA
KFS10011,KFS-TEM-ATTR-DATA-001,1,KFS10283,52,13,TA
KFS10012,KFS-TEM-ATTR-DATA-002,1,KFS10284,52,13,TA
KFS10013,KFS-TEM-ATTR-DATA-003,1,KFS10285,52,13,TA
KFS10014,KFS-TEM-ATTR-DATA-004,1,KFS10286,52,13,TA
KFS10016,KFS-TEM-ATTR-DATA-006,1,KFS10288,52,13,TT
KFS10017,KFS-TEM-ATTR-DATA-007,1,KFS10288,52,16,Account
KFS10018,KFS-TEM-ATTR-DATA-008,1,KFS10288,52,6,sourceAccountingLines
KFS10021,KFS-TEM-ATTR-DATA-011,1,KFS10290,11,6,cellPhoneNumber
KFS10022,KFS-TEM-ATTR-DATA-012,1,KFS10290,11,5,TravelAuthorizationDocument
KFS10023,KFS-TEM-ATTR-DATA-013,1,KFS10291,11,6,contactRelationTypeCode
KFS10024,KFS-TEM-ATTR-DATA-014,1,KFS10291,11,5,TravelerDetailEmergencyContact
KFS10025,KFS-TEM-ATTR-DATA-015,1,KFS10292,11,6,contactName
KFS10026,KFS-TEM-ATTR-DATA-016,1,KFS10292,11,5,TravelerDetailEmergencyContact
KFS10027,KFS-TEM-ATTR-DATA-017,1,KFS10293,11,6,phoneNumber
KFS10028,KFS-TEM-ATTR-DATA-018,1,KFS10293,11,5,TravelerDetailEmergencyContact
KFS10029,KFS-TEM-ATTR-DATA-019,1,KFS10294,11,6,emailAddress
KFS10030,KFS-TEM-ATTR-DATA-020,1,KFS10294,11,5,TravelerDetailEmergencyContact
KFS10031,KFS-TEM-ATTR-DATA-021,1,KFS10295,11,6,contactRelationTypeCode
KFS10032,KFS-TEM-ATTR-DATA-022,1,KFS10295,11,5,TemProfileEmergencyContact
KFS10033,KFS-TEM-ATTR-DATA-023,1,KFS10296,11,6,contactName
KFS10034,KFS-TEM-ATTR-DATA-024,1,KFS10296,11,5,TemProfileEmergencyContact
KFS10035,KFS-TEM-ATTR-DATA-025,1,KFS10297,11,6,phoneNumber
KFS10036,KFS-TEM-ATTR-DATA-026,1,KFS10297,11,5,TemProfileEmergencyContact
KFS10037,KFS-TEM-ATTR-DATA-027,1,KFS10298,11,6,emailAddress
KFS10038,KFS-TEM-ATTR-DATA-028,1,KFS10298,11,5,TemProfileEmergencyContact
KFS10039,KFS-TEM-ATTR-DATA-029,1,KFS10299,52,13,TA
KFS10043,KFS-TEM-ATTR-DATA-033,1,KFS10307,11,6,dateOfBirth
KFS10044,KFS-TEM-ATTR-DATA-034,1,KFS10307,11,5,TemProfile
KFS10045,KFS-TEM-ATTR-DATA-035,1,KFS10308,11,6,gender
KFS10046,KFS-TEM-ATTR-DATA-036,1,KFS10308,11,5,TemProfile
KFS10047,KFS-TEM-ATTR-DATA-037,1,KFS10309,11,6,driversLicenseNumber
KFS10048,KFS-TEM-ATTR-DATA-038,1,KFS10309,11,5,TemProfile
KFS10049,KFS-TEM-ATTR-DATA-039,1,KFS10310,11,6,driversLicenseExpDate
KFS10050,KFS-TEM-ATTR-DATA-040,1,KFS10310,11,5,TemProfile
KFS10051,KFS-TEM-ATTR-DATA-041,1,KFS10311,11,6,driversLicenseState
KFS10052,KFS-TEM-ATTR-DATA-042,1,KFS10311,11,5,TemProfile
KFS10053,KFS-TEM-ATTR-DATA-043,1,KFS10312,11,6,accountNumber
KFS10054,KFS-TEM-ATTR-DATA-044,1,KFS10312,11,5,TemProfileAccount
KFS10055,KFS-TEM-ATTR-DATA-045,1,KFS10313,15,1,perDiemTxtInputFileType
KFS10056,KFS-TEM-ATTR-DATA-046,1,KFS10314,15,1,perDiemXmlInputFileType
KFS10059,KFS-TEM-ATTR-DATA-049,1,KFS10316,15,1,agencyDataXmlInputFileType
KFS10060,KFS-TEM-ATTR-DATA-050,1,KFS10317,15,1,creditCardDataXmlInputFileType
KFS10061,KFS-TEM-ATTR-DATA-051,1,KFS10318,52,13,TR
KFS10062,KFS-TEM-ATTR-DATA-052,1,KFS10318,52,16,Account
KFS10063,KFS-TEM-ATTR-DATA-053,1,KFS10318,52,6,sourceAccountingLines
KFS10064,KFS-TEM-ATTR-DATA-054,1,KFS10319,52,13,TR
KFS10065,KFS-TEM-ATTR-DATA-055,1,KFS10319,52,16,Travel
KFS10066,KFS-TEM-ATTR-DATA-056,1,KFS10319,52,6,sourceAccountingLines
KFS10067,KFS-TEM-ATTR-DATA-057,1,KFS10320,52,13,TA
KFS10068,KFS-TEM-ATTR-DATA-058,1,KFS10320,52,16,Travel
KFS10069,KFS-TEM-ATTR-DATA-059,1,KFS10320,52,6,sourceAccountingLines
KFS10070,KFS-TEM-ATTR-DATA-078,1,KFS10321,3,13,TXRF
KFS10071,KFS-TEM-ATTR-DATA-079,1,KFS10322,3,13,TXRF
KFS10072,KFS-TEM-ATTR-DATA-080,1,KFS10323,3,13,TAAR
KFS10076,KFS-TEM-ATTR-DATA-084,1,KFS10325,52,13,ENT
KFS10077,KFS-TEM-ATTR-DATA-085,1,KFS10325,52,16,EntertainmentManager
KFS10078,KFS-TEM-ATTR-DATA-086,1,KFS10325,52,6,sourceAccountingLines
KFS10079,KFS-TEM-ATTR-DATA-087,1,KFS10326,52,13,RELO
KFS10080,KFS-TEM-ATTR-DATA-088,1,KFS10326,52,16,MovingAndRelocationManager
KFS10081,KFS-TEM-ATTR-DATA-089,1,KFS10326,52,6,sourceAccountingLines
KFS10082,KFS-TEM-ATTR-DATA-090,1,KFS10327,3,13,CRM
KFS10083,KFS-TEM-ATTR-DATA-091,1,KFS10328,8,13,TT
KFS10084,KFS-TEM-ATTR-DATA-093,1,KFS10329,52,13,TT
KFS10085,KFS-TEM-ATTR-DATA-094,1,KFS10329,52,16,PreRoute
KFS10086,KFS-TEM-ATTR-DATA-095,1,KFS10329,52,6,sourceAccountingLines
KFS10087,KFS-TEM-ATTR-DATA-096,1,KFS10330,8,13,TT
KFS10088,KFS-TEM-ATTR-DATA-097,1,KFS10330,8,16,PreRoute
KFS10089,KFS-TEM-ATTR-DATA-098,1,KFS10331,52,13,TR
KFS10090,KFS-TEM-ATTR-DATA-099,1,KFS10331,52,16,PreRoute
KFS10091,KFS-TEM-ATTR-DATA-100,1,KFS10331,52,6,sourceAccountingLines
KFS10092,KFS-TEM-ATTR-DATA-101,1,KFS10333,57,44,airline
KFS10093,KFS-TEM-ATTR-DATA-102,1,KFS10333,57,5,AgencyStagingData
KFS10094,KFS-TEM-ATTR-DATA-103,1,KFS10334,57,44,lodging
KFS10095,KFS-TEM-ATTR-DATA-104,1,KFS10334,57,5,AgencyStagingData
KFS10096,KFS-TEM-ATTR-DATA-105,1,KFS10335,57,44,rentalcar
KFS10097,KFS-TEM-ATTR-DATA-106,1,KFS10335,57,5,AgencyStagingData
KFS10098,KFS-TEM-ATTR-DATA-107,1,KFS10336,10,5,TemProfileAccount
KFS10099,KFS-TEM-ATTR-DATA-108,1,KFS10337,8,13,ENT
KFS10100,KFS-TEM-ATTR-DATA-109,1,KFS10338,8,13,ENT
KFS10101,KFS-TEM-ATTR-DATA-110,1,KFS10338,8,16,PreRoute
KFS10102,KFS-TEM-ATTR-DATA-111,1,KFS10339,8,13,RELO
KFS10103,KFS-TEM-ATTR-DATA-112,1,KFS10340,8,13,RELO
KFS10104,KFS-TEM-ATTR-DATA-113,1,KFS10340,8,16,PreRoute
KFS10105,KFS-TEM-ATTR-DATA-114,1,KFS10341,52,13,CTAP
KFS10106,KFS-TEM-ATTR-DATA-115,1,KFS10342,52,13,CCIE
KFS10236,KFS-TEM-ATTR-DATA-116,1,KFS10304,57,44,TemProfileAdministrator
KFS10237,KFS-TEM-ATTR-DATA-127,1,KFS10304,57,5,TemProfile
KFS10374,KFS-TEM-ATTR-DATA-128,1,KFS10372,3,13,INV
KFS10375,KFS-TEM-ATTR-DATA-129,1,KFS10373,3,13,CRM
KFS10387,KFS-TEM-ATTR-DATA-130,1,KFS10387,14,13,TA
KFS10388,KFS-TEM-ATTR-DATA-131,1,KFS10387,14,10,advancePolicyEntry
KFS10406,KFS-TEM-ATTR-DATA-133,1,KFS10397,11,5,AgencyStagingData
KFS10407,KFS-TEM-ATTR-DATA-134,1,KFS10397,11,6,importBy
KFS10408,KFS-TEM-ATTR-DATA-135,1,KFS10398,11,5,AgencyStagingData
KFS10409,KFS-TEM-ATTR-DATA-136,1,KFS10398,11,6,agencyDataId
KFS10410,KFS-TEM-ATTR-DATA-137,1,KFS10399,11,5,AgencyStagingData
KFS10411,KFS-TEM-ATTR-DATA-138,1,KFS10399,11,6,otherCompanyName
KFS10412,KFS-TEM-ATTR-DATA-139,1,KFS10400,11,5,AgencyStagingData
KFS10413,KFS-TEM-ATTR-DATA-140,1,KFS10400,11,6,tripTravelerTypeId
KFS10414,KFS-TEM-ATTR-DATA-141,1,KFS10401,11,5,AgencyStagingData
KFS10415,KFS-TEM-ATTR-DATA-142,1,KFS10401,11,6,otherAmount
KFS10416,KFS-TEM-ATTR-DATA-143,1,KFS10402,11,5,AgencyStagingData
KFS10417,KFS-TEM-ATTR-DATA-144,1,KFS10402,11,6,travelerName
KFS10418,KFS-TEM-ATTR-DATA-145,1,KFS10403,11,5,AgencyStagingData
KFS10419,KFS-TEM-ATTR-DATA-146,1,KFS10403,11,6,travelerNetworkId
KFS10420,KFS-TEM-ATTR-DATA-147,1,KFS10404,11,5,AgencyStagingData
KFS10421,KFS-TEM-ATTR-DATA-148,1,KFS10404,11,6,tripExpenseAmount
KFS10422,KFS-TEM-ATTR-DATA-149,1,KFS10405,11,5,AgencyStagingData
KFS10423,KFS-TEM-ATTR-DATA-150,1,KFS10405,11,6,tripArrangerName
KFS10446,KFS-PERM-ATTR-DATA-151,1,KFS10445,10,5,TravelerProfileForLookup
KFS10452,KFS-PERM-ATTR-DATA-152,1,KFS10451,3,13,TMCP
KFS10455,KFS-PERM-ATTR-DATA-153,1,KFS10454,3,13,TT
KFS10471,KFS-PERM-ATTR-DATA-157,1,KFS10470,14,13,TT
KFS10472,KFS-PERM-ATTR-DATA-158,1,KFS10470,14,10,expenseTaxableEntry
KFS10504,KFS-PERM-ATTR-DATA-167,1,KFS10503,52,13,TA
KFS10505,KFS-PERM-ATTR-DATA-168,1,KFS10503,52,16,Account
KFS10506,KFS-PERM-ATTR-DATA-169,1,KFS10503,52,6,advanceAccountingLines
KFS10509,KFS-PERM-ATTR-DATA-170,1,KFS10508,52,13,TA
KFS10510,KFS-PERM-ATTR-DATA-171,1,KFS10508,52,16,Travel
KFS10511,KFS-PERM-ATTR-DATA-172,1,KFS10508,52,6,advanceAccountingLines
KFS10514,KFS-PERM-ATTR-DATA-173,1,KFS10513,52,13,TT
KFS10515,KFS-PERM-ATTR-DATA-174,1,KFS10513,52,16,Travel
KFS10516,KFS-PERM-ATTR-DATA-175,1,KFS10513,52,6,sourceAccountingLines
KFS10519,KFS-PERM-ATTR-DATA-176,1,KFS10518,56,13,TTP
KFS10545,KFS-PERM-ATTR-DATA-177,1,KFS10544,3,13,TRV
KFS10670,KFS-PERM-ATTR-DATA-178,1,KFS10668,3,13,TTA
KFS10699,KFS-PERM-ATTR-DATA-183,1,KFS10698,14,13,TTA
KFS10700,KFS-PERM-ATTR-DATA-184,1,KFS10698,14,10,travelerEntry
KFS10716,KFS-PERM-ATTR-DATA-185,1,KFS10715,3,13,DV
KFS10724,KFS-PERM-ATTR-DATA-186,1,KFS10721,3,13,ENT
KFS10725,KFS-PERM-ATTR-DATA-187,1,KFS10722,3,13,RELO
KFS10726,KFS-PERM-ATTR-DATA-188,1,KFS10723,3,13,TRV
KFS10731,KFS-PERM-ATTR-DATA-189,1,KFS10730,3,13,TTP
KFS10747,KFS-PERM-ATTR-DATA-190,1,KFS10746,14,13,TT
KFS10748,KFS-PERM-ATTR-DATA-191,1,KFS10746,14,10,expenseLimitEntry
KFS10755,KFS-PERM-ATTR-DATA-192,1,KFS10754,14,13,TT
KFS10756,KFS-PERM-ATTR-DATA-193,1,KFS10754,14,10,frnEntry
KFS10759,KFS-PERM-ATTR-DATA-194,1,KFS10758,14,13,TT
KFS10760,KFS-PERM-ATTR-DATA-195,1,KFS10758,14,10,wireEntry
KFS10763,KFS-PERM-ATTR-DATA-196,1,KFS10762,52,13,TR
KFS10764,KFS-PERM-ATTR-DATA-197,1,KFS10762,52,16,PaymentMethod
KFS10765,KFS-PERM-ATTR-DATA-198,1,KFS10762,52,6,sourceAccountingLines.amount
KFS10768,KFS-PERM-ATTR-DATA-199,1,KFS10767,14,13,TRV
KFS10769,KFS-PERM-ATTR-DATA-200,1,KFS10767,14,10,conversionRateEntry
KFS10774,KFS-PERM-ATTR-DATA-201,1,KFS10773,14,13,ENT
KFS10775,KFS-PERM-ATTR-DATA-202,1,KFS10773,14,10,conversionRateEntry
KFS10780,KFS-PERM-ATTR-DATA-203,1,KFS10779,14,13,RELO
KFS10781,KFS-PERM-ATTR-DATA-204,1,KFS10779,14,10,conversionRateEntry
KFS10786,KFS-PERM-ATTR-DATA-208,1,KFS10785,52,13,ENT
KFS10787,KFS-PERM-ATTR-DATA-209,1,KFS10785,52,16,PaymentMethod
KFS10788,KFS-PERM-ATTR-DATA-210,1,KFS10785,52,6,sourceAccountingLines.amount
KFS10791,KFS-PERM-ATTR-DATA-211,1,KFS10790,52,13,RELO
KFS10792,KFS-PERM-ATTR-DATA-212,1,KFS10790,52,16,PaymentMethod
KFS10793,KFS-PERM-ATTR-DATA-213,1,KFS10790,52,6,sourceAccountingLines.amount
KFS10799,KFS-PERM-ATTR-DATA-214,1,KFS10798,14,13,TT
KFS10800,KFS-PERM-ATTR-DATA-215,1,KFS10798,14,10,immediateDisbursementEntryMode
KFS10805,KFS-PERM-ATTR-DATA-216,1,KFS10804,52,13,TAA
KFS10818,KFS-PERM-ATTR-DATA-217,1,KFS10817,3,13,INV
KFS10822,KFS-PERM-ATTR-DATA-218,1,KFS10821,12,4,KFS-AR
KFS10823,KFS-PERM-ATTR-DATA-219,1,KFS10821,12,2,org.kuali.kfs.module.ar.web.struts.CustomerOpenItemReportAction
KFS10829,KFS-PERM-ATTR-DATA-220,1,KFS10828,13,3,lastInventoryDateUpdateButton
KFS10835,KFS-PERM-ATTR-DATA-221,1,KFS10834,14,13,DV
KFS10836,KFS-PERM-ATTR-DATA-222,1,KFS10834,14,10,extractNow
KFS10839,KFS-TEM-PERM-ATTR-DATA-220,1,KFS10838,14,13,REQS
KFS10840,KFS-TEM-PERM-ATTR-DATA-221,1,KFS10838,14,10,allowCapitalAssetEdit
KFS10870,KFS-PERM-ATTR-DATA-223,1,KFS10868,11,5,VendorDetail
KFS10871,KFS-PERM-ATTR-DATA-224,1,KFS10868,11,6,vendorHeader.vendorGIIN
KFS10872,KFS-PERM-ATTR-DATA-225,1,KFS10869,11,5,VendorDetail
KFS10873,KFS-PERM-ATTR-DATA-226,1,KFS10869,11,6,vendorHeader.vendorDOB
KFS10876,KFS-PERM-ATTR-DATA-227,1,KFS10874,11,5,VendorDetail
KFS10877,KFS-PERM-ATTR-DATA-228,1,KFS10874,11,6,vendorHeader.vendorGIIN
KFS10878,KFS-PERM-ATTR-DATA-229,1,KFS10875,11,5,VendorDetail
KFS10879,KFS-PERM-ATTR-DATA-230,1,KFS10875,11,6,vendorHeader.vendorDOB
KFS10886,KFS-PERM-ATTR-DATA-231,1,KFS10884,11,5,VendorDetail
KFS10887,KFS-PERM-ATTR-DATA-232,1,KFS10884,11,6,vendorHeader.vendorForeignTaxId
KFS10888,KFS-PERM-ATTR-DATA-233,1,KFS10885,11,5,VendorDetail
KFS10889,KFS-PERM-ATTR-DATA-234,1,KFS10885,11,6,vendorHeader.vendorForeignTaxId
"KFS10919","KFS-PERM-ATTR-DATA-235","1","KFS10907","3","13","CINV"
"KFS10920","KFS-PERM-ATTR-DATA-236","1","KFS10908","12","2","org.kuali.kfs.module.cg.web.struts.FederalFinancialReportAction"
"KFS10921","KFS-PERM-ATTR-DATA-237","1","KFS10909","12","2","org.kuali.kfs.module.cg.web.struts.TransmitContractsAndGrantsInvoicesLookupAction"
"KFS10922","KFS-PERM-ATTR-DATA-238","1","KFS10910","3","13","ITM"
"KFS10923","KFS-PERM-ATTR-DATA-239","1","KFS10911","14","13","CINV"
"KFS10924","KFS-PERM-ATTR-DATA-240","1","KFS10911","14","10","modifyTransmissionDate"
"KFS10925","KFS-PERM-ATTR-DATA-241","1","KFS10912","56","13","DLTM"
"KFS10926","KFS-PERM-ATTR-DATA-242","1","KFS10913","3","13","DLTM"
"KFS10927","KFS-PERM-ATTR-DATA-243","1","KFS10914","12","2","org.kuali.kfs.module.ar.web.struts.AccountsReceivableDunningLetterTemplateUploadAction"
"KFS10928","KFS-PERM-ATTR-DATA-244","1","KFS10915","3","13","LCR"
"KFS10929","KFS-PERM-ATTR-DATA-245",1,"KFS10916","3","13","CVNT"
"KFS10930","KFS-PERM-ATTR-DATA-246",1,"KFS10917","56","13","CVNT"
"KFS10931","KFS-PERM-ATTR-DATA-247",1,"KFS10917","56","7","TRUE"
"KFS10932","KFS-PERM-ATTR-DATA-248","1","KFS10918","8","13","CINV"
"KFS10933","KFS-PERM-ATTR-DATA-249","1","KFS10918","8","16","PreRoute"
